source_file,filename,extension,folder,evidence_category,participant_group,event_type,event_subtype,cohort,location,event_date,size_kb,ocr_used,ocr_text_file,status,notes
data/applications/COHORT_1_Initial_Gathered_applicationsGabes_Call_for_Applications–AfricXRJobxTalentVerse_Student_Program_(Responses).xlsx,COHORT_1_Initial_Gathered_applicationsGabes_Call_for_Applications–AfricXRJobxTalentVerse_Student_Program_(Responses).xlsx,.xlsx,applications,Applications,Students / Applicants,Application,,Cohort 1,Gabès,,19.3,False,,OK,
data/applications/COHORT_1_Initial_Gathered_applications_Borj_Cedria_Call_for_Applications–AfricXRJobxTalentVerse_Student_Program_(Responses).xlsx,COHORT_1_Initial_Gathered_applications_Borj_Cedria_Call_for_Applications–AfricXRJobxTalentVerse_Student_Program_(Responses).xlsx,.xlsx,applications,Applications,Students / Applicants,Application,,Cohort 1,Borj Cedria,,22.5,False,,OK,
data/applications/COHORT_1_Initial_Gathered_applications_Monastir_Call_for_Applications–AfricXRJobxTalentVerse_Student_Program_(Responses).xlsx,COHORT_1_Initial_Gathered_applications_Monastir_Call_for_Applications–AfricXRJobxTalentVerse_Student_Program_(Responses).xlsx,.xlsx,applications,Applications,Students / Applicants,Application,,Cohort 1,Monastir,,38.8,False,,OK,
data/applications/COHORT_2_Applications.xlsx,COHORT_2_Applications.xlsx,.xlsx,applications,Applications,Students / Applicants,Application,,Cohort 2,,,17.7,False,,OK,
data/ecosystem_trainings/ecosystem_monastir_training_march_2025.xlsx,ecosystem_monastir_training_march_2025.xlsx,.xlsx,ecosystem_trainings,Ecosystem Trainings,Ecosystem Actors,Ecosystem Training,,,Monastir,,21.0,False,,OK,
data/kickoffs/kickoff_gabes_31_october_2024.pdf,kickoff_gabes_31_october_2024.pdf,.pdf,kickoffs,Kickoffs,Stakeholders,Kickoff,,,Gabès,2024-10-31,968.8,True,processed/ocr_text/d9b03a31101e_kickoff_gabes_31_october_2024.txt,OK,
data/kickoffs/kickoff_monastir_7_november_2024.pdf,kickoff_monastir_7_november_2024.pdf,.pdf,kickoffs,Kickoffs,Stakeholders,Kickoff,,,Monastir,2024-11-07,356.4,True,processed/ocr_text/c3cdb8827028_kickoff_monastir_7_november_2024.txt,OK,
data/kickoffs/kickoff_Nabeul_19_december_2024.pdf,kickoff_Nabeul_19_december_2024.pdf,.pdf,kickoffs,Kickoffs,Stakeholders,Kickoff,,,Nabeul,2024-12-19,2003.0,True,processed/ocr_text/742c6e055067_kickoff_nabeul_19_december_2024.txt,OK,
data/opendays/ecosystem_open_day_16_april_2025.pdf,ecosystem_open_day_16_april_2025.pdf,.pdf,opendays,Open Days / Closing Days,Ecosystem Actors,Ecosystem Open Day,Ecosystem Open Day,,,2025-04-16,2379.2,True,processed/ocr_text/8d31b19caf6f_ecosystem_open_day_16_april_2025.txt,OK,
data/opendays/ecosystem_open_day_25_april2025.pdf,ecosystem_open_day_25_april2025.pdf,.pdf,opendays,Open Days / Closing Days,Ecosystem Actors,Ecosystem Open Day,Ecosystem Open Day,,,,1646.7,True,processed/ocr_text/542e245a6814_ecosystem_open_day_25_april2025.txt,OK,
data/opendays/ecosystem_open_day_30_april_2025.pdf,ecosystem_open_day_30_april_2025.pdf,.pdf,opendays,Open Days / Closing Days,Ecosystem Actors,Ecosystem Open Day,Ecosystem Open Day,,,2025-04-30,1173.5,True,processed/ocr_text/9799971dcdbc_ecosystem_open_day_30_april_2025.txt,OK,
data/opendays/open_day_borj_cedria_13_february_2025.pdf,open_day_borj_cedria_13_february_2025.pdf,.pdf,opendays,Open Days / Closing Days,Mixed / By document,Open Day,Open Day,,Borj Cedria,2025-02-13,678.4,True,processed/ocr_text/67a0238ebd44_open_day_borj_cedria_13_february_2025.txt,OK,
data/opendays/open_day_gabes_6_february_2025.pdf,open_day_gabes_6_february_2025.pdf,.pdf,opendays,Open Days / Closing Days,Mixed / By document,Open Day,Open Day,,Gabès,2025-02-06,610.6,True,processed/ocr_text/2bc5c81dd730_open_day_gabes_6_february_2025.txt,OK,
data/opendays/open_day_monastir_19_february_2025.pdf,open_day_monastir_19_february_2025.pdf,.pdf,opendays,Open Days / Closing Days,Mixed / By document,Open Day,Open Day,,Monastir,2025-02-19,289.9,True,processed/ocr_text/81950965017f_open_day_monastir_19_february_2025.txt,OK,
data/opendays/training_closing_day_ecosystem_list_borj_cedria_19_december_2025.pdf,training_closing_day_ecosystem_list_borj_cedria_19_december_2025.pdf,.pdf,opendays,Open Days / Closing Days,Ecosystem Actors,Training Closing Day,Training Closing Day - Ecosystem,,Borj Cedria,2025-12-19,1164.7,True,processed/ocr_text/50d6dc23daea_training_closing_day_ecosystem_list_borj_cedria_19_december_.txt,OK,
data/opendays/training_closing_day_enterprises_list_monastir_10_december_2025.pdf,training_closing_day_enterprises_list_monastir_10_december_2025.pdf,.pdf,opendays,Open Days / Closing Days,Enterprises,Training Closing Day,Training Closing Day - Enterprises,,Monastir,2025-12-10,220.8,True,processed/ocr_text/7c568b62f11b_training_closing_day_enterprises_list_monastir_10_december_2.txt,OK,
data/opendays/training_closing_day_students_list_gabes_4_february_2026.pdf,training_closing_day_students_list_gabes_4_february_2026.pdf,.pdf,opendays,Open Days / Closing Days,Students,Training Closing Day,Training Closing Day - Students,,Gabès,2026-02-04,710.9,True,processed/ocr_text/aa6515469d80_training_closing_day_students_list_gabes_4_february_2026.txt,OK,
data/opendays/training_closing_day_students_list_monastir_10_december_2025.pdf,training_closing_day_students_list_monastir_10_december_2025.pdf,.pdf,opendays,Open Days / Closing Days,Students,Training Closing Day,Training Closing Day - Students,,Monastir,2025-12-10,453.0,True,processed/ocr_text/9184119c4504_training_closing_day_students_list_monastir_10_december_2025.txt,OK,
data/student_trainings/Cohort_1_Borj_Cedria_Full_Training_Attendance_Sheets.xlsx,Cohort_1_Borj_Cedria_Full_Training_Attendance_Sheets.xlsx,.xlsx,student_trainings,Student Trainings,Students,Student Training,,Cohort 1,Borj Cedria,,11.4,False,,OK,
data/student_trainings/Cohort_1_Gabes_online_Full_Training_Attendance_Sheets.xlsx,Cohort_1_Gabes_online_Full_Training_Attendance_Sheets.xlsx,.xlsx,student_trainings,Student Trainings,Students,Student Training,Online Training,Cohort 1,Gabès,,11.0,False,,OK,
data/student_trainings/Cohort_1_Monastir_online_Full_Training_Attendance_Sheets.xlsx,Cohort_1_Monastir_online_Full_Training_Attendance_Sheets.xlsx,.xlsx,student_trainings,Student Trainings,Students,Student Training,Online Training,Cohort 1,Monastir,,11.5,False,,OK,
data/student_trainings/cohort_1_on_site_training_borj_cedria_july_9_2025.pdf,cohort_1_on_site_training_borj_cedria_july_9_2025.pdf,.pdf,student_trainings,Student Trainings,Students,Student Training,On-site Training,Cohort 1,Borj Cedria,,411.6,True,processed/ocr_text/33802b80cc16_cohort_1_on_site_training_borj_cedria_july_9_2025.txt,OK,
data/student_trainings/cohort_1_on_site_training_gabes_july_17_2025.pdf,cohort_1_on_site_training_gabes_july_17_2025.pdf,.pdf,student_trainings,Student Trainings,Students,Student Training,On-site Training,Cohort 1,Gabès,,415.5,True,processed/ocr_text/0763e93ba2a8_cohort_1_on_site_training_gabes_july_17_2025.txt,OK,
data/student_trainings/cohort_1_on_site_training_monastir_july_16_2025.pdf,cohort_1_on_site_training_monastir_july_16_2025.pdf,.pdf,student_trainings,Student Trainings,Students,Student Training,On-site Training,Cohort 1,Monastir,,431.1,True,processed/ocr_text/a46d7577505a_cohort_1_on_site_training_monastir_july_16_2025.txt,OK,
data/student_trainings/cohort_2_online_training.xlsx,cohort_2_online_training.xlsx,.xlsx,student_trainings,Student Trainings,Students,Student Training,Online Training,Cohort 2,,,11.8,False,,OK,
data/talentverse_testing_sessions/borj_cedria_testing_session_10_march_2026.pdf,borj_cedria_testing_session_10_march_2026.pdf,.pdf,talentverse_testing_sessions,TalentVerse Testing Sessions,Testers,TalentVerse Testing Session,Testing Session,,Borj Cedria,2026-03-10,354.5,True,processed/ocr_text/9e016cda5ec2_borj_cedria_testing_session_10_march_2026.txt,OK,
data/talentverse_testing_sessions/pole_etudiant_entrepreneur_university_of_tunis_testing_session_6_juin_2026.xlsx,pole_etudiant_entrepreneur_university_of_tunis_testing_session_6_juin_2026.xlsx,.xlsx,talentverse_testing_sessions,TalentVerse Testing Sessions,Testers,TalentVerse Testing Session,Testing Session,,Tunis,2026-06-06,5.3,False,,OK,
