source_file,sheet,rows_imported,status
data/applications/COHORT_1_Initial_Gathered_applicationsGabes_Call_for_Applications–AfricXRJobxTalentVerse_Student_Program_(Responses).xlsx,Form Responses 1,29,Imported
data/applications/COHORT_1_Initial_Gathered_applications_Borj_Cedria_Call_for_Applications–AfricXRJobxTalentVerse_Student_Program_(Responses).xlsx,Form Responses 1,36,Imported
data/applications/COHORT_1_Initial_Gathered_applications_Monastir_Call_for_Applications–AfricXRJobxTalentVerse_Student_Program_(Responses).xlsx,Form Responses 1,85,Imported
data/applications/COHORT_2_Applications.xlsx,Attendances,0,No participant-name column detected
data/applications/COHORT_2_Applications.xlsx,Copy of Attendances,0,No participant-name column detected
data/ecosystem_trainings/ecosystem_monastir_training_march_2025.xlsx,TRAINING ATTENDANCE SHEET,31,Imported
data/student_trainings/Cohort_1_Borj_Cedria_Full_Training_Attendance_Sheets.xlsx,Attendances,0,No participant-name column detected
data/student_trainings/Cohort_1_Gabes_online_Full_Training_Attendance_Sheets.xlsx,Attendances,0,No participant-name column detected
data/student_trainings/Cohort_1_Monastir_online_Full_Training_Attendance_Sheets.xlsx,Attendances,0,No participant-name column detected
data/student_trainings/cohort_2_online_training.xlsx,Attendances,0,No participant-name column detected
data/talentverse_testing_sessions/pole_etudiant_entrepreneur_university_of_tunis_testing_session_6_juin_2026.xlsx,Feuille 1,16,Imported
