event_type,keywords
Kickoff,kickoff|kick-off|lancement|launch
Ecosystem Training,ecosystem training|ecosystem_training|formation ecosysteme|formation écosystème
Student Training,student training|student_training|training attendance|online training|on site training|on_site_training
TalentVerse Testing Session,talentverse testing|testing session|testing_session|user testing
Ecosystem Open Day,ecosystem open day|ecosystem_open_day
Training Closing Day,training closing day|training_closing_day|closing day
Open Day,open day|open_day|journée portes ouvertes|portes ouvertes
Application,application|applications|call for applications|appel à candidatures|appel a candidatures
Selection,selection|sélection|selected|retenu|retenue
Evaluation,evaluation|évaluation|satisfaction|feedback
Other,
