folder,filename,size_bytes
applications,COHORT_1_Initial_Gathered_applicationsGabes_Call_for_Applications–AfricXRJobxTalentVerse_Student_Program_(Responses).xlsx,19762
applications,COHORT_1_Initial_Gathered_applications_Borj_Cedria_Call_for_Applications–AfricXRJobxTalentVerse_Student_Program_(Responses).xlsx,23088
applications,COHORT_1_Initial_Gathered_applications_Monastir_Call_for_Applications–AfricXRJobxTalentVerse_Student_Program_(Responses).xlsx,39755
applications,COHORT_2_Applications.xlsx,18115
ecosystem_trainings,ecosystem_monastir_training_march_2025.xlsx,21493
kickoffs,kickoff_gabes_31_october_2024.pdf,992036
kickoffs,kickoff_monastir_7_november_2024.pdf,365001
kickoffs,kickoff_Nabeul_19_december_2024.pdf,2051098
opendays,ecosystem_open_day_16_april_2025.pdf,2436286
opendays,ecosystem_open_day_25_april2025.pdf,1686170
opendays,ecosystem_open_day_30_april_2025.pdf,1201685
opendays,open_day_borj_cedria_13_february_2025.pdf,694666
opendays,open_day_gabes_6_february_2025.pdf,625263
opendays,open_day_monastir_19_february_2025.pdf,296893
opendays,training_closing_day_ecosystem_list_borj_cedria_19_december_2025.pdf,1192691
opendays,training_closing_day_enterprises_list_monastir_10_december_2025.pdf,226090
opendays,training_closing_day_students_list_gabes_4_february_2026.pdf,727925
opendays,training_closing_day_students_list_monastir_10_december_2025.pdf,463848
student_trainings,Cohort_1_Borj_Cedria_Full_Training_Attendance_Sheets.xlsx,11646
student_trainings,Cohort_1_Gabes_online_Full_Training_Attendance_Sheets.xlsx,11258
student_trainings,Cohort_1_Monastir_online_Full_Training_Attendance_Sheets.xlsx,11782
student_trainings,cohort_1_on_site_training_borj_cedria_july_9_2025.pdf,421500
student_trainings,cohort_1_on_site_training_gabes_july_17_2025.pdf,425513
student_trainings,cohort_1_on_site_training_monastir_july_16_2025.pdf,441401
student_trainings,cohort_2_online_training.xlsx,12034
talentverse_testing_sessions,borj_cedria_testing_session_10_march_2026.pdf,363046
talentverse_testing_sessions,pole_etudiant_entrepreneur_university_of_tunis_testing_session_6_juin_2026.xlsx,5383
